<?xml version='1.0' encoding='utf-8'?>
<widget version="0.0.1" xmlns="http://www.w3.org/ns/widgets" xmlns:android="http://schemas.android.com/apk/res/android" xmlns:cdv="http://cordova.apache.org/ns/1.0" xmlns:gap="http://phonegap.com/ns/1.0">
    <name>Autosoft Taller</name>
    <description>
      Easier Car Service
  </description>
    <author email="ivan_vazquez@avansys.com.mx" href="http://avansys.com.mx">
      Avansys Developers Team
  </author>
    <content src="index.html" />
    <access origin="*" />
    <allow-intent href="http://*/*" />
    <allow-intent href="https://*/*" />
    <allow-intent href="tel:*" />
    <allow-intent href="sms:*" />
    <allow-intent href="mailto:*" />
    <allow-intent href="geo:*" />
    <preference name="xwalkCommandLine" value="--disable-pull-to-refresh-effect --ignore-gpu-blacklist" />
    <preference name="AndroidPersistentFileLocation" value="Internal" />
    <preference name="AndroidPersistentFileLocation" value="Compatibility" />
    <preference name="iosExtraFilesystems" value="library,library-nosync,documents,documents-nosync,cache,bundle,root" />
    <preference name="AndroidExtraFilesystems" value="files,files-external,documents,documents-nosync,cache,bundle,root" />
    <plugin name="cordova-plugin-audio-recorder" spec="^1.0.8" />
    <engine name="browser" spec="^5.0.3" />
    <engine name="android" spec="^7.1.0" />
</widget>
