<?xml version='1.0' encoding='utf-8'?>
<widget id="org.apache.cordova.myApp" version="1.0.0" xmlns="http://www.w3.org/ns/widgets" xmlns:cdv="http://cordova.apache.org/ns/1.0">
    <name>Autosoft</name>
    <feature name="Vibration">
        <param name="android-package" value="org.apache.cordova.vibration.Vibration" />
    </feature>
    <feature name="Notification">
        <param name="android-package" value="org.apache.cordova.dialogs.Notification" />
    </feature>
    <description>
        A sample Apache Cordova application that responds to the deviceready event.
    </description>
    <author email="dev@cordova.apache.org" href="http://cordova.io">
        Apache Cordova Team
    </author>
    <content src="index.html" />
    <access origin="*" />
    <allow-navigation href="*" />
    <allow-navigation href="*://*.example.com/*" />
    <allow-navigation href="*" />
    <allow-navigation href="http://*/*" />
    <allow-navigation href="https://*/*" />
    <allow-navigation href="data:*" />
    <access origin="*/" />
    <access origin="content:///*" />
    <access origin="*" />
    <access origin="cdvfile://*" />
    <allow-intent href="http://*/*" />
    <allow-intent href="https://*/*" />
    <allow-intent href="tel:*" />
    <allow-intent href="sms:*" />
    <allow-intent href="mailto:*" />
    <allow-intent href="geo:*" />
    <platform name="android">
        <allow-intent href="market:*" />
    </platform>
    <platform name="ios">
        <allow-intent href="itms:*" />
        <allow-intent href="itms-apps:*" />
    </platform>
    <plugin name="cordova-plugin-camera" spec="^4.0.2" />
    <plugin name="cordova-plugin-whitelist" spec="^1.3.3" />
    <plugin name="cordova-plugin-splashscreen" spec="^5.0.2" />
    <plugin name="cordova-plugin-device" spec="^2.0.1" />
    <plugin name="cordova-plugin-statusbar" spec="^2.4.1" />
    <plugin name="cordova-plugin-dialogs" spec="^2.0.1" />
    <plugin name="cordova-plugin-file-transfer" spec="^1.7.1" />
    <plugin name="cordova-plugin-ios-camera-permissions" spec="^1.2.0">
        <variable name="CAMERA_USAGE_DESCRIPTION" value="your usage message" />
        <variable name="MICROPHONE_USAGE_DESCRIPTION" value="your microphone usage message here" />
        <variable name="PHOTOLIBRARY_ADD_USAGE_DESCRIPTION" value="your photo library usage message here" />
        <variable name="PHOTOLIBRARY_USAGE_DESCRIPTION" value="your photo library usage message here" />
    </plugin>
    <plugin name="cordova-plugin-media-capture" spec="^3.0.1">
        <variable name="CAMERA_USAGE_DESCRIPTION" value="your usage message" />
        <variable name="MICROPHONE_USAGE_DESCRIPTION" value="your microphone usage message here" />
        <variable name="PHOTOLIBRARY_ADD_USAGE_DESCRIPTION" value="your photo library usage message here" />
        <variable name="PHOTOLIBRARY_USAGE_DESCRIPTION" value="your photo library usage message here" />
    </plugin>
    <preference name="AndroidPersistentFileLocation" value="Internal" />
    <preference name="AndroidPersistentFileLocation" value="Compatibility" />
    <preference name="iosExtraFilesystems" value="library,library-nosync,documents,documents-nosync,cache,bundle,root" />
    <preference name="AndroidExtraFilesystems" value="files,files-external,documents,sdcard,cache,cache-external,assets,root" />
    <preference name="SplashMaintainAspectRatio" value="false" />
    <engine name="ios" spec="^4.5.4" />
    <engine name="browser" spec="^5.0.3" />
    <engine name="android" spec="^7.0.0" />
</widget>
